generated_text,reference_text,AudioSNR_score,AudioSNR_passed,AudioSpectrogramDistance_score,AudioSpectrogramDistance_passed
"[-0.00073867 -0.02379394 -0.03538825 ... -0.44259813 -0.44207707
 -0.26102754]","[ 0.0000000e+00  1.3359821e-04  5.1765732e-04 ... -4.5599580e-01
 -4.4840094e-01 -2.8955910e-01]",0.8042646050453186,True,0.9632527232170105,True
"[ 0.02594991  0.02178765 -0.03821909 ... -0.42381114 -0.33139697
 -0.21555804]","[ 0.0000000e+00  1.3359821e-04  5.1765732e-04 ... -4.5599580e-01
 -4.4840094e-01 -2.8955910e-01]",0.29070794582366943,False,0.7004647254943848,False
"[ 0.00570924 -0.02828174  0.04954278 ... -0.37103122 -0.51389
 -0.24185638]","[ 0.0000000e+00  1.3359821e-04  5.1765732e-04 ... -4.5599580e-01
 -4.4840094e-01 -2.8955910e-01]",0.29924604296684265,False,0.5387439131736755,False
"[ 0.0000000e+00  7.1540228e-05  2.7959468e-04 ... -1.6385950e-01
 -1.1345657e-01 -5.8046062e-02]","[ 0.0000000e+00  1.3359821e-04  5.1765732e-04 ... -4.5599580e-01
 -4.4840094e-01 -2.8955910e-01]",0.3060557246208191,False,0.2644311189651489,False
